"ID","Deleted","AttribKey","ReflectionKey","AssetID","SpeechID","LiveCode","Unlocked","Online","NewUnlocked","TeamId","TeamRef","RosterPosition","FirstName","LastName","ScaledHeight","JerseyNum","BirthDay","BirthMonth","BirthYear","Rating_Overall","Rating_Block","Rating_Clutch","Rating_Dribble","Rating_Dunk","Rating_Pass","Rating_Speed","Rating_Steal","Rating_Strength","Rating_2PT_Shooting","Rating_3PT_Shooting","IsCreated","Handedness","HotSpot_Id","Shot_Package","Dunk_Package","Loco_Package","Challenge_Base","Challenge_Aggression","Challenge_Block","Challenge_Defensive_Lag","Challenge_Shove","Challenge_Spin","Tendency_Anklebreaker","Tendency_Steal","Tendency_Fadeaway","Tendency_Perimeter"
258,0,"al_horford","al_horford_r",258,258,0,1,1,0,0,"Atlanta",1,"Al","Horford","1.024",15,29,6,1981,1,7,6,4,7,4,5,4,7,7,2,0,"r",17,"package_shot_generic","package_dunk_basic","package_loco_swingman",-1,-1,-1,-1,-1,-1,0,0,0,0
3,0,"dominique_wilkins","dominique_wilkins_r",3,3,0,0,0,0,0,"Atlanta",3,"Dominique","Wilkins","1.03",21,1,1,1950,0,6,7,6,10,4,6,6,8,7,6,0,"r",17,"package_shot_generic","package_dunk_highskill","package_loco_swingman",-1,-1,-1,-1,-1,-1,0,0,0,0
4,0,"spud_webb","spud_webb_r",4,4,0,0,0,0,0,"Atlanta",4,"Spud","Webb","0.88",4,1,1,1950,0,2,6,7,8,8,9,7,3,7,7,0,"r",4,"package_shot_generic","package_dunk_highskill","package_loco_smallman",-1,-1,-1,-1,-1,-1,0,0,0,0
283,0,"paul_millsap","paul_millsap_r",283,283,0,1,1,0,0,"Atlanta",2,"Paul","Millsap","1.024",4,29,6,1981,8,8,8,8,7,8,8,8,8,7,8,0,"r",17,"package_shot_generic","package_dunk_basic","package_loco_swingman",-1,-1,-1,-1,-1,-1,0,0,0,0
10,0,"gerald_wallace","gerald_wallace_r",10,10,0,1,1,0,1,"Boston",1,"Gerald","Wallace","1.01",45,23,7,1982,8,7,6,6,9,7,7,9,6,6,5,0,"r",9,"package_shot_generic","package_dunk_highskill","package_loco_swingman",-1,-1,-1,-1,-1,-1,0,0,0,0
262,0,"avery_bradley","avery_bradley_r",262,262,0,1,1,0,1,"Boston",2,"Avery","Bradley","0.9775",0,26,11,1990,8,3,6,8,7,8,8,9,7,8,7,0,"r",9,"package_shot_generic","package_dunk_basic","package_loco_swingman",-1,-1,-1,-1,-1,-1,0,0,0,0
158,0,"rajon_rondo","rajon_rondo_r",158,135,0,1,1,0,1,"Boston",3,"Rajon","Rondo","0.94",9,23,8,1978,1,3,7,9,3,9,9,10,4,7,4,0,"r",17,"package_shot_generic","package_dunk_basic","package_loco_swingman",-1,-1,-1,-1,-1,-1,0,0,0,0
89,0,"jeff_green","jeff_green_r",89,89,0,1,1,0,1,"Boston",4,"Jeff","Green","1.0477",8,28,8,1986,1,6,5,6,7,6,6,5,6,7,6,0,"r",14,"package_shot_generic","package_dunk_basic","package_loco_swingman",-1,-1,-1,-1,-1,-1,0,0,0,0
8,0,"larry_bird","larry_bird_r",8,8,0,0,0,0,1,"Boston",5,"Larry","Bird","1.03",33,1,1,1950,0,6,10,5,6,8,6,8,7,9,10,0,"r",7,"package_shot_sigbird","package_dunk_basic","package_loco_swingman",-1,-1,-1,-1,-1,-1,0,0,0,0
9,0,"kevin_mchale","kevin_mchale_r",9,9,0,0,0,0,1,"Boston",6,"Kevin","McHale","1.03",32,1,1,1950,0,8,7,5,7,4,5,2,9,8,3,0,"r",15,"package_shot_generic","package_dunk_bigman","package_loco_bigman",-1,-1,-1,-1,-1,-1,0,0,0,0
177,0,"evan_turner","evan_turner_r",177,201,0,1,1,0,1,"Boston",7,"Evan","Turner",1,12,23,8,1978,6,6,6,7,7,7,7,6,6,6,6,0,"r",14,"package_shot_generic","package_dunk_highskill","package_loco_swingman",-1,-1,-1,-1,-1,-1,0,0,0,0
233,0,"michael_kidd_gilchrist","michael_kidd_gilchrist_r",233,233,0,1,1,0,2,"Charlotte",1,"Michael","Kiddgilchrist","1.0243",14,26,9,1993,1,4,5,6,8,5,7,6,5,5,3,0,"r",17,"package_shot_generic","package_dunk_basic","package_loco_swingman",-1,-1,-1,-1,-1,-1,0,0,0,0
240,0,"kemba_walker","kemba_walker_r",240,240,0,1,1,0,2,"Charlotte",2,"Kemba","Walker","0.9541",15,8,5,1990,3,1,7,9,5,5,8,5,5,7,8,0,"r",7,"package_shot_generic","package_dunk_basic","package_loco_smallman",-1,-1,-1,-1,-1,-1,0,0,0,0
264,0,"al_jefferson","al_jefferson_r",264,264,0,1,1,0,2,"Charlotte",3,"Al","Jefferson","1.059",25,4,1,1985,2,8,6,3,7,4,3,2,8,7,1,0,"r",17,"package_shot_generic","package_dunk_bigman","package_loco_bigman",-1,-1,-1,-1,-1,-1,0,0,0,0
284,0,"lance_stephenson","lance_stephenson_r",284,284,0,1,1,0,2,"Charlotte",4,"Lance","Stephenson","1.024",1,29,6,1981,9,4,8,9,7,8,8,8,7,8,8,0,"r",17,"package_shot_generic","package_dunk_basic","package_loco_swingman",-1,-1,-1,-1,-1,-1,0,0,0,0
82,0,"larry_johnson","larry_johnson_r",82,82,0,0,0,0,2,"Charlotte",5,"Larry","Johnson","1.03",2,1,1,1950,0,2,6,5,7,6,5,4,7,7,7,0,"r",16,"package_shot_generic","package_dunk_highskill","package_loco_bigman",-1,-1,-1,-1,-1,-1,0,0,0,0
15,0,"joakim_noah","joakim_noah_r",15,15,0,1,1,0,3,"Chicago",1,"Joakim","Noah","1.05",13,1,1,1950,7,8,5,3,7,2,4,4,6,7,1,0,"r",16,"package_shot_signoah","package_dunk_bigman","package_loco_swingman",-1,-1,-1,-1,-1,-1,0,0,0,0
13,0,"derrick_rose","derrick_rose_r",13,13,0,1,1,0,3,"Chicago",2,"Derrick","Rose","0.95",1,4,10,1988,10,4,7,8,5,9,8,8,4,6,5,0,"r",16,"package_shot_generic","package_dunk_basic","package_loco_smallman",-1,-1,-1,-1,-1,-1,0,0,0,0
17,0,"dennis_rodman","dennis_rodman_r",17,17,0,0,0,0,3,"Chicago",3,"Dennis","Rodman","1.03",91,1,1,1950,0,7,5,4,7,1,7,6,9,7,1,0,"r",12,"package_shot_generic","package_dunk_bigman","package_loco_bigman",-1,-1,-1,-1,-1,-1,0,0,0,0
54,0,"pau_gasol","pau_gasol_r",54,54,0,1,1,0,3,"Chicago",4,"Pau","Gasol","1.06",16,6,7,1980,9,8,7,6,7,8,4,5,6,8,1,0,"r",17,"package_shot_sigpau","package_dunk_bigman","package_loco_bigman",-1,-1,-1,-1,-1,-1,0,0,0,0
111,0,"anderson_varejao","anderson_varejao_r",111,191,0,1,1,0,4,"Cleveland",1,"Anderson","Varejao","1.04",17,1,1,1950,7,6,9,5,6,5,6,4,6,7,1,0,"r",17,"package_shot_generic","package_dunk_bigman","package_loco_bigman",-1,-1,-1,-1,-1,-1,0,0,0,0
241,0,"kyrie_irving","kyrie_irving_r",241,241,0,1,1,0,4,"Cleveland",2,"Kyrie","Irving","0.9658",2,23,3,1992,2,2,8,8,3,8,8,7,4,8,9,0,"r",8,"package_shot_generic","package_dunk_basic","package_loco_smallman",-1,-1,-1,-1,-1,-1,0,0,0,0
22,0,"brad_daugherty","brad_daugherty_r",22,22,0,0,0,0,4,"Cleveland",3,"Brad","Daugherty","1.05",43,1,1,1950,0,5,6,3,8,7,5,5,8,8,1,0,"r",15,"package_shot_generic","package_dunk_bigman","package_loco_bigman",-1,-1,-1,-1,-1,-1,0,0,0,0
21,0,"mark_price","mark_price_r",21,21,0,0,0,0,4,"Cleveland",4,"Mark","Price","0.94",25,1,1,1950,0,2,7,8,1,9,8,6,2,9,9,0,"r",4,"package_shot_generic","package_layup_generic","package_loco_smallman",-1,-1,-1,-1,-1,-1,0,0,0,0
18,0,"lebron_james","lebron_james_r",18,18,0,1,1,0,4,"Cleveland",5,"Lebron","James","1.02",23,30,12,1984,10,6,8,7,10,8,7,7,8,9,9,0,"r",3,"package_shot_siglebron","package_dunk_highskill","package_loco_swingman",-1,-1,-1,-1,-1,-1,0,0,0,0
71,0,"kevin_love","kevin_love_r",71,71,0,1,1,0,4,"Cleveland",6,"Kevin","Love","1.03",0,7,9,1988,8,7,6,4,8,6,4,5,9,7,6,0,"r",16,"package_shot_generic","package_dunk_bigman","package_loco_bigman",-1,-1,-1,-1,-1,-1,0,0,0,0
23,0,"dirk_nowitzki","dirk_nowitzki_r",23,23,0,1,1,0,5,"Dallas",1,"Dirk","Nowitzki","1.06",41,19,6,1978,9,7,8,7,7,7,6,6,7,8,7,0,"r",5,"package_shot_signowitzki","package_dunk_bigman","package_loco_bigman",-1,-1,-1,-1,-1,-1,0,0,0,0
34,0,"monta_ellis","monta_ellis_r",34,34,0,1,1,0,5,"Dallas",2,"Monta","Ellis","0.94",11,1,1,1950,9,2,7,9,6,6,9,8,4,8,6,0,"r",16,"package_shot_generic","package_dunk_basic","package_loco_smallman",-1,-1,-1,-1,-1,-1,0,0,0,0
74,0,"devin_harris","devin_harris_r",74,74,0,1,1,0,5,"Dallas",3,"Devin","Harris","0.97",20,27,2,1983,10,4,8,8,4,8,9,9,4,7,6,0,"r",15,"package_shot_generic","package_dunk_basic","package_loco_smallman",-1,-1,-1,-1,-1,-1,0,0,0,0
251,0,"jameer_nelson","jameer_nelson_r",251,251,0,1,1,0,5,"Dallas",4,"Jameer","Nelson","1.0243",14,29,6,1981,2,2,5,7,2,6,7,6,5,8,7,0,"r",8,"package_shot_generic","package_layup_generic","package_loco_swingman",-1,-1,-1,-1,-1,-1,0,0,0,0
11,0,"raymond_felton","raymond_felton_r",11,11,0,1,1,0,5,"Dallas",5,"Raymond","Felton","0.95",2,26,6,1984,9,3,5,8,1,8,8,8,5,6,6,0,"r",7,"package_shot_generic","package_layup_generic","package_loco_smallman",-1,-1,-1,-1,-1,-1,0,0,0,0
156,0,"danilo_gallinari","danilo_gallinari_r",156,133,0,1,1,0,6,"Denver",1,"Danilo","Gallinari","1.02",8,23,8,1978,10,6,4,3,5,3,5,8,7,6,8,0,"r",3,"package_shot_generic","package_dunk_bigman","package_loco_bigman",-1,-1,-1,-1,-1,-1,0,0,0,0
242,0,"javale_mcgee","javale_mcgee_r",242,242,0,1,1,0,6,"Denver",2,"Javale","Mcgee","1.0243",34,29,6,1981,3,9,4,4,9,2,6,2,7,4,1,0,"r",17,"package_shot_generic","package_dunk_highskill","package_loco_swingman",-1,-1,-1,-1,-1,-1,0,0,0,0
265,0,"kenneth_faried","kenneth_faried_r",265,265,0,1,1,0,6,"Denver",3,"Kenneth","Faried","1.05",35,19,11,1989,8,8,7,6,9,6,8,6,9,7,4,0,"r",17,"package_shot_generic","package_dunk_basic","package_loco_swingman",-1,-1,-1,-1,-1,-1,0,0,0,0
257,0,"randy_foye","randy_foye_r",257,257,0,1,1,0,6,"Denver",4,"Randy","Foye","1.0126",4,23,8,1978,1,2,3,7,4,5,8,5,3,5,7,0,"r",12,"package_shot_generic","package_dunk_basic","package_loco_smallman",-1,-1,-1,-1,-1,-1,0,0,0,0
255,0,"jj_hickson","jj_hickson_r",255,255,0,1,1,0,6,"Denver",5,"JJ","Hickson","1.0243",7,29,6,1981,1,5,5,4,7,5,6,3,7,4,2,0,"r",7,"package_shot_generic","package_dunk_basic","package_loco_swingman",-1,-1,-1,-1,-1,-1,0,0,0,0
266,0,"ty_lawson","ty_lawson_r",266,266,0,1,1,0,6,"Denver",6,"Ty","Lawson","0.93",3,3,11,1987,8,3,9,9,4,9,9,8,4,8,7,0,"r",7,"package_shot_generic","package_dunk_basic","package_loco_swingman",-1,-1,-1,-1,-1,-1,0,0,0,0
250,0,"arron_afflalo","arron_afflalo_r",250,250,0,1,1,0,6,"Denver",7,"Arron","Afflalo","1.0009",10,15,10,1980,1,2,7,7,6,5,6,9,4,6,6,0,"l",10,"package_shot_generic","package_dunk_basic","package_loco_swingman",-1,-1,-1,-1,-1,-1,0,0,0,0
164,0,"brandon_jennings","brandon_jennings_r",164,141,0,1,1,0,7,"Detroit",1,"Brandon","Jennings","0.94",7,23,8,1978,10,2,5,8,5,9,8,8,4,5,7,0,"l",2,"package_shot_generic","package_dunk_basic","package_loco_smallman",-1,-1,-1,-1,-1,-1,0,0,0,0
1,0,"josh_smith","josh_smith_r",1,1,0,1,1,0,7,"Detroit",2,"Josh","Smith","1.03",6,5,12,1985,8,9,6,6,9,6,6,8,6,6,2,0,"l",12,"package_shot_generic","package_dunk_highskill","package_loco_swingman",-1,-1,-1,-1,-1,-1,0,0,0,0
32,0,"isaiah_thomas","isaiah_thomas_r",32,32,0,0,0,0,7,"Detroit",3,"Isaiah","Thomas","0.93",11,1,1,1950,0,1,9,9,2,10,9,9,6,8,8,0,"r",12,"package_shot_sigisiah","package_layup_generic","package_loco_swingman",-1,-1,-1,-1,-1,-1,0,0,0,0
33,0,"bill_laimbeer","bill_laimbeer_r",33,33,0,0,0,0,7,"Detroit",4,"Bill","Laimbeer","1.03",40,1,1,1950,0,8,7,3,6,3,4,4,9,8,6,0,"r",15,"package_shot_generic","package_dunk_bigman","package_loco_swingman",-1,-1,-1,-1,-1,-1,0,0,0,0
129,0,"caron_butler","caron_butler_r",129,129,0,1,1,0,7,"Detroit",5,"Caron","Butler","1.01",2,13,3,1980,8,4,8,8,8,7,7,9,7,7,6,0,"r",17,"package_shot_generic","package_dunk_highskill","package_loco_swingman",-1,-1,-1,-1,-1,-1,0,0,0,0
96,0,"andre_iguodala","andre_iguodala_r",96,96,0,1,1,0,8,"Golden State",1,"Andre","Iguodala",1,9,28,1,1984,10,6,6,7,9,7,8,8,5,6,6,0,"r",16,"package_shot_generic","package_dunk_highskill","package_loco_swingman",-1,-1,-1,-1,-1,-1,0,0,0,0
85,0,"david_lee","david_lee_r",85,85,0,1,1,0,8,"Golden State",2,"David","Lee","1.03",10,29,4,1983,10,5,5,7,8,6,4,6,8,7,1,0,"l",17,"package_shot_generic","package_dunk_bigman","package_loco_bigman",-1,-1,-1,-1,-1,-1,0,0,0,0
160,0,"stephen_curry","stephen_curry_r",160,137,0,1,1,0,8,"Golden State",3,"Stephen","Curry","0.94",30,23,8,1978,10,2,7,9,2,9,9,8,2,7,8,0,"r",4,"package_shot_generic","package_dunk_basic","package_loco_smallman",-1,-1,-1,-1,-1,-1,0,0,0,0
68,0,"andrew_bogut","andrew_bogut_r",68,68,0,1,1,0,8,"Golden State",4,"Andrew","Bogut","1.06",12,28,11,1984,10,8,7,4,7,7,2,5,7,7,2,0,"r",12,"package_shot_generic","package_dunk_bigman","package_loco_bigman",-1,-1,-1,-1,-1,-1,0,0,0,0
37,0,"tim_hardaway","tim_hardaway_r",37,37,0,0,0,0,8,"Golden State",5,"Tim","Hardaway","0.93",10,1,1,1950,0,1,8,10,1,9,8,8,3,8,8,0,"r",7,"package_shot_sighardaway","package_layup_generic","package_loco_smallman",-1,-1,-1,-1,-1,-1,0,0,0,0
38,0,"chris_mullin","chris_mullin_r",38,38,0,0,0,0,8,"Golden State",6,"Chris","Mullin","1.01",17,1,1,1950,0,6,8,5,4,4,5,8,4,9,9,0,"l",3,"package_shot_sigmullin","package_dunk_basic","package_loco_swingman",-1,-1,-1,-1,-1,-1,0,0,0,0
227,0,"james_harden","james_harden_r",437,511,0,1,1,0,9,"Houston",1,"James","Harden","1.0009",13,26,8,1989,2,2,8,7,7,6,7,5,5,9,8,0,"l",2,"package_shot_generic","package_dunk_basic","package_loco_swingman",-1,-1,-1,-1,-1,-1,0,0,0,0
91,0,"dwight_howard","dwight_howard_r",91,91,0,1,1,0,9,"Houston",2,"Dwight","Howard","1.05",12,8,12,1985,9,10,7,6,10,5,7,5,9,6,4,0,"r",12,"package_shot_sighoward","package_dunk_bigman","package_loco_bigman",-1,-1,-1,-1,-1,-1,0,0,0,0
40,0,"yao_ming","yao_ming_r",40,40,0,1,1,0,9,"Houston",3,"Yao","Ming","1.153",11,12,9,1980,1,10,6,1,7,4,1,1,8,8,3,0,"r",12,"package_shot_sigyao","package_dunk_bigman","package_loco_bigman",-1,-1,-1,-1,-1,-1,0,0,0,0
43,0,"kenny_smith","kenny_smith_r",43,43,0,0,0,0,9,"Houston",4,"Kenny","Smith","0.95",30,1,1,1950,0,1,8,7,6,6,7,5,4,9,9,0,"r",5,"package_shot_sigsmith","package_dunk_basic","package_loco_smallman",-1,-1,-1,-1,-1,-1,0,0,0,0
42,0,"hakeem_olajuwon","hakeem_olajuwon_r",42,42,0,0,0,0,9,"Houston",5,"Hakeem","Olajuwon","1.06",34,1,1,1950,0,10,8,3,8,6,4,7,8,8,2,0,"r",12,"package_shot_generic","package_dunk_bigman","package_loco_bigman",-1,-1,-1,-1,-1,-1,0,0,0,0
161,0,"trevor_ariza","trevor_ariza_r",161,138,0,1,1,0,9,"Houston",6,"Trevor","Ariza","1.02",1,23,8,1978,1,4,5,5,7,4,6,8,5,5,8,0,"r",2,"package_shot_generic","package_dunk_highskill","package_loco_swingman",-1,-1,-1,-1,-1,-1,0,0,0,0
80,0,"david_west","david_west_r",80,80,0,1,1,0,10,"Indiana",1,"David","West","1.04",21,29,8,1980,8,8,6,6,7,6,6,5,8,7,4,0,"r",14,"package_shot_generic","package_dunk_bigman","package_loco_bigman",-1,-1,-1,-1,-1,-1,0,0,0,0
245,0,"roy_hibbert","roy_hibbert_r",245,245,0,1,1,0,10,"Indiana",2,"Roy","Hibbert","1.1062",55,11,12,1985,3,10,6,5,8,5,3,3,8,8,1,0,"r",16,"package_shot_sigpau","package_dunk_bigman","package_loco_bigman",-1,-1,-1,-1,-1,-1,0,0,0,0
254,0,"luis_scola","luis_scola_r",254,254,0,1,1,0,10,"Indiana",3,"Luis","Scola","1.0243",4,29,6,1981,1,5,6,7,7,4,6,5,7,7,2,0,"r",12,"package_shot_generic","package_dunk_basic","package_loco_swingman",-1,-1,-1,-1,-1,-1,0,0,0,0
259,0,"paul_george","paul_george_r",259,259,0,1,1,0,10,"Indiana",4,"Paul","George","1.02",24,9,5,1990,9,8,8,8,9,8,8,9,7,8,8,0,"r",12,"package_shot_generic","package_dunk_basic","package_loco_swingman",-1,-1,-1,-1,-1,-1,0,0,0,0
48,0,"detlef_schrempf","detlef_schrempf_r",48,48,0,0,0,0,10,"Indiana",5,"Detlef","Schrempf","1.03",11,1,1,1950,0,2,8,3,5,8,5,4,6,8,8,0,"r",3,"package_shot_generic","package_dunk_basic","package_loco_swingman",-1,-1,-1,-1,-1,-1,0,0,0,0
50,0,"blake_griffin","blake_griffin_r",50,50,0,1,1,0,11,"Los Angeles C",1,"Blake","Griffin","1.03",32,1,1,1950,8,8,6,4,8,6,6,5,8,7,3,0,"r",13,"package_shot_generic","package_dunk_bigman","package_loco_bigman",-1,-1,-1,-1,-1,-1,0,0,0,0
79,0,"chris_paul","chris_paul_r",79,79,0,1,1,0,11,"Los Angeles C",2,"Chris","Paul","0.94",3,6,5,1985,9,4,8,9,4,10,9,10,5,8,7,0,"r",6,"package_shot_sigpaul","package_dunk_basic","package_loco_smallman",-1,-1,-1,-1,-1,-1,0,0,0,0
267,0,"deandre_jordan","deandre_jordan_r",267,267,0,1,1,0,11,"Los Angeles C",3,"DeAndre","Jordan","1.071",6,21,7,1988,1,9,4,2,9,5,6,4,8,6,1,0,"r",12,"package_shot_generic","package_dunk_bigman","package_loco_bigman",-1,-1,-1,-1,-1,-1,0,0,0,0
52,0,"danny_manning","danny_manning_r",52,52,0,0,0,0,11,"Los Angeles C",4,"Danny","Manning","1.03",5,1,1,1950,0,6,7,6,7,6,7,6,7,8,4,0,"r",13,"package_shot_generic","package_dunk_bigman","package_loco_swingman",-1,-1,-1,-1,-1,-1,0,0,0,0
285,0,"jamal_crawford","jamal_crawford_r",285,285,0,1,1,0,11,"Los Angeles C",5,"Jamal","Crawford","1.024",11,29,6,1981,8,4,8,9,5,8,8,7,6,8,8,0,"r",17,"package_shot_generic","package_dunk_basic","package_loco_swingman",-1,-1,-1,-1,-1,-1,0,0,0,0
53,0,"kobe_bryant","kobe_bryant_r",53,53,0,1,1,0,12,"Los Angeles L",1,"Kobe","Bryant",1,24,23,8,1978,10,6,9,9,9,9,9,8,6,8,7,0,"r",6,"package_shot_sigkobe","package_dunk_highskill","package_loco_swingman",-1,-1,-1,-1,-1,-1,0,0,0,0
101,0,"steve_nash","steve_nash_r",101,101,0,1,1,0,12,"Los Angeles L",2,"Steve","Nash","0.97",10,7,2,1974,10,3,8,9,1,10,7,6,4,7,10,0,"r",7,"package_shot_signash","package_layup_generic","package_loco_smallman",-1,-1,-1,-1,-1,-1,0,0,0,0
19,0,"shaquille_oneal","shaquille_oneal_r",19,19,0,1,1,0,12,"Los Angeles L",3,"Shaquille","O'Neal","1.07",34,6,3,1972,5,7,7,3,8,4,1,5,9,7,1,0,"r",12,"package_shot_sigshaq","package_dunk_bigman","package_loco_bigman",-1,-1,-1,-1,-1,-1,0,0,0,0
56,0,"magic_johnson","magic_johnson_r",56,56,0,0,0,0,12,"Los Angeles L",4,"Magic","Johnson","1.03",32,1,1,1950,0,2,9,9,6,10,7,7,8,9,4,0,"r",13,"package_shot_generic","package_dunk_basic","package_loco_swingman",-1,-1,-1,-1,-1,-1,0,0,0,0
57,0,"james_worthy","james_worthy_r",57,57,0,0,0,0,12,"Los Angeles L",5,"James","Worthy","1.03",42,1,1,1950,0,3,7,4,8,7,6,6,7,8,4,0,"r",12,"package_shot_generic","package_dunk_bigman","package_loco_swingman",-1,-1,-1,-1,-1,-1,0,0,0,0
244,0,"jeremy_lin","jeremy_lin_r",244,244,0,1,1,0,12,"Los Angeles L",6,"Jeremy","Lin","0.9775",7,23,8,1988,1,1,8,8,1,8,8,7,4,7,7,0,"r",15,"package_shot_signash","package_layup_generic","package_loco_smallman",-1,-1,-1,-1,-1,-1,0,0,0,0
123,0,"carlos_boozer","carlos_boozer_r",123,123,0,1,1,0,12,"Los Angeles L",7,"Carlos","Boozer","1.02",5,20,11,1981,10,6,6,5,7,4,6,6,8,8,1,0,"r",16,"package_shot_sigboozer","package_dunk_bigman","package_loco_bigman",-1,-1,-1,-1,-1,-1,0,0,0,0
59,0,"zach_randolph","zach_randolph_r",59,59,0,1,1,0,13,"Memphis",1,"Zach","Randolph","1.04",50,1,1,1950,8,2,5,3,8,2,5,3,9,6,2,0,"l",12,"package_shot_generic","package_dunk_bigman","package_loco_bigman",-1,-1,-1,-1,-1,-1,0,0,0,0
226,0,"marc_gasol","marc_gasol_r",226,313,0,1,1,0,13,"Memphis",2,"Marc","Gasol","1.0945",33,1,1,1950,1,8,6,2,8,3,4,1,8,6,2,0,"r",17,"package_shot_generic","package_dunk_highskill","package_loco_bigman",-1,-1,-1,-1,-1,-1,0,0,0,0
61,0,"bryant_reeves","bryant_reeves_r",61,61,0,0,0,0,13,"Memphis",3,"Bryant","Reeves","1.05",50,1,1,1950,0,4,4,1,6,2,1,3,9,7,3,0,"r",14,"package_shot_generic","package_dunk_bigman","package_loco_bigman",-1,-1,-1,-1,-1,-1,0,0,0,0
268,0,"tony_allen","tony_allen_r",268,268,0,1,1,0,13,"Memphis",4,"Tony","Allen","0.98",9,11,1,1982,8,7,7,7,8,7,8,9,8,7,4,0,"l",12,"package_shot_generic","package_dunk_basic","package_loco_swingman",-1,-1,-1,-1,-1,-1,0,0,0,0
269,0,"mike_conley","mike_conley_r",269,269,0,1,1,0,13,"Memphis",5,"Mike","Conley","0.96",11,11,10,1987,8,5,8,9,3,9,9,10,5,9,8,0,"l",12,"package_shot_generic","package_dunk_basic","package_loco_swingman",-1,-1,-1,-1,-1,-1,0,0,0,0
92,0,"vince_carter","vince_carter_r",92,92,0,1,0,0,13,"Memphis",6,"Vince","Carter",1,25,26,1,1977,8,6,7,7,9,8,6,7,5,7,7,0,"r",4,"package_shot_sigcarter","package_dunk_highskill","package_loco_swingman",-1,-1,-1,-1,-1,-1,0,0,0,0
62,0,"dwayne_wade","dwayne_wade_r",62,62,0,1,1,0,14,"Miami",1,"Dwyane","Wade","0.98",3,17,1,1982,10,6,8,9,8,8,9,9,5,6,5,0,"r",12,"package_shot_sigwade","package_dunk_highskill","package_loco_swingman",-1,-1,-1,-1,-1,-1,0,0,0,0
119,0,"chris_bosh","chris_bosh_r",119,119,0,1,1,0,14,"Miami",2,"Chris","Bosh","1.04",1,24,3,1984,9,7,8,7,8,7,7,5,7,8,6,0,"l",12,"package_shot_sigbosh","package_dunk_bigman","package_loco_bigman",-1,-1,-1,-1,-1,-1,0,0,0,0
65,0,"glen_rice","glen_rice_r",65,65,0,0,0,0,14,"Miami",3,"Glen","Rice",1,41,1,1,1950,0,3,8,6,5,3,6,5,5,8,9,0,"r",5,"package_shot_generic","package_dunk_basic","package_loco_swingman",-1,-1,-1,-1,-1,-1,0,0,0,0
66,0,"rony_seikaly","rony_seikaly_r",66,66,0,0,0,0,14,"Miami",4,"Rony","Seikaly","1.06",4,1,1,1950,0,8,5,5,7,2,3,3,8,7,1,0,"r",12,"package_shot_generic","package_dunk_bigman","package_loco_bigman",-1,-1,-1,-1,-1,-1,0,0,0,0
14,0,"luol_deng","luol_deng_r",14,14,0,1,1,0,14,"Miami",5,"Luol","Deng","1.02",9,16,4,1985,7,6,4,5,6,4,6,6,7,7,5,0,"r",13,"package_shot_generic","package_dunk_basic","package_loco_swingman",-1,-1,-1,-1,-1,-1,0,0,0,0
44,0,"danny_granger","danny_granger_r",44,44,0,1,1,0,14,"Miami",6,"Danny","Granger","1.01",22,20,4,1983,9,7,7,7,7,7,7,7,5,7,8,0,"r",3,"package_shot_siggranger","package_dunk_highskill","package_loco_swingman",-1,-1,-1,-1,-1,-1,0,0,0,0
60,0,"oj_mayo","oj_mayo_r",60,60,0,1,1,0,15,"Milwaukee",1,"OJ","Mayo","0.98",0,5,11,1987,7,2,8,8,7,7,8,7,4,6,7,0,"r",3,"package_shot_generic","package_dunk_basic","package_loco_swingman",-1,-1,-1,-1,-1,-1,0,0,0,0
271,0,"larry_sanders","larry_sanders_r",271,271,0,1,1,0,15,"Milwaukee",2,"Larry","Sanders","1.0243",8,21,11,1988,8,9,6,5,9,5,7,7,9,6,4,0,"r",17,"package_shot_generic","package_dunk_basic","package_loco_swingman",-1,-1,-1,-1,-1,-1,0,0,0,0
272,0,"ersan_ilyasova","ersan_ilyasova_r",272,272,0,1,1,0,15,"Milwaukee",3,"Ersan","Ilyasova","1.02",7,15,5,1987,8,6,7,8,6,6,7,6,7,7,8,0,"r",17,"package_shot_generic","package_dunk_basic","package_loco_swingman",-1,-1,-1,-1,-1,-1,0,0,0,0
192,0,"mascot_mil","mascot_mil_r",192,163,0,1,0,0,15,"Milwaukee",4,"mascot","bango",1,99,23,8,1978,1,6,4,7,9,6,7,7,6,8,6,0,"r",15,"package_shot_generic","package_dunk_highskill","package_loco_swingman",-1,-1,-1,-1,-1,-1,0,0,0,0
287,0,"jabari_parker","jabari_parker_r",287,287,0,1,1,0,15,"Milwaukee",5,"Jabari","Parker","1.024",12,29,6,1981,8,7,7,8,8,8,8,5,8,8,8,0,"r",17,"package_shot_generic","package_dunk_basic","package_loco_swingman",-1,-1,-1,-1,-1,-1,0,0,0,0
286,0,"brandon_knight","brandon_knight_r",286,286,0,1,1,0,15,"Milwaukee",6,"Brandon","Knight","1.024",11,29,6,1981,8,4,6,9,4,8,9,7,6,8,7,0,"r",17,"package_shot_generic","package_dunk_basic","package_loco_swingman",-1,-1,-1,-1,-1,-1,0,0,0,0
273,0,"shabazz_muhammad","shabazz_muhammad_r",273,273,0,1,1,0,16,"Minnesota",1,"Shabazz","Muhammad",1,15,13,11,1992,7,7,7,8,8,7,7,6,6,6,7,0,"r",3,"package_shot_generic","package_dunk_basic","package_loco_swingman",-1,-1,-1,-1,-1,-1,0,0,0,0
229,0,"ricky_rubio","ricky_rubio_r",229,389,0,1,1,0,16,"Minnesota",2,"Ricky","Rubio","0.978",9,5,10,1993,3,3,6,8,4,9,8,7,4,7,7,0,"r",6,"package_shot_generic","package_dunk_basic","package_loco_smallman",-1,-1,-1,-1,-1,-1,0,0,0,0
73,0,"chuck_person","chuck_person_r",73,73,0,0,1,0,16,"Minnesota",3,"Chuck","Person","1.02",45,1,1,1950,0,3,7,7,4,6,6,5,6,9,9,0,"r",6,"package_shot_generic","package_dunk_basic","package_loco_swingman",-1,-1,-1,-1,-1,-1,0,0,0,0
110,0,"kevin_martin","kevin_martin_r",110,110,0,1,1,0,16,"Minnesota",4,"Kevin","Martin",1,23,1,2,1983,10,3,7,8,8,6,8,7,5,6,7,0,"r",3,"package_shot_generic","package_dunk_basic","package_loco_swingman",-1,-1,-1,-1,-1,-1,0,0,0,0
263,0,"anthony_bennett","anthony_bennett_r",263,263,0,1,1,0,16,"Minnesota",5,"Anthony","Bennett","1.01",15,14,3,1993,7,7,7,6,7,7,6,6,7,7,6,0,"r",17,"package_shot_generic","package_dunk_basic","package_loco_swingman",-1,-1,-1,-1,-1,-1,0,0,0,0
288,0,"andrew_wiggins","andrew_wiggins_r",288,288,0,1,1,0,16,"Minnesota",6,"Andrew","Wiggins","1.024",22,29,6,1981,8,8,7,8,8,7,9,8,6,7,7,0,"r",17,"package_shot_generic","package_dunk_basic","package_loco_swingman",-1,-1,-1,-1,-1,-1,0,0,0,0
0,0,"joe_johnson","joe_johnson_r",0,0,0,1,1,0,17,"Brooklyn",1,"Joe","Johnson","1.01",7,29,6,1981,9,4,7,7,6,7,7,7,5,7,7,0,"r",13,"package_shot_generic","package_dunk_basic","package_loco_swingman",-1,-1,-1,-1,-1,-1,0,0,0,0
122,0,"deron_williams","deron_williams_r",122,122,0,1,1,0,17,"Brooklyn",2,"Deron","Williams","0.98",8,1,1,1950,10,1,7,7,3,9,8,4,4,7,6,0,"r",3,"package_shot_generic","package_dunk_basic","package_loco_smallman",-1,-1,-1,-1,-1,-1,0,0,0,0
75,0,"brook_lopez","brook_lopez_r",75,75,0,1,1,0,17,"Brooklyn",3,"Brook","Lopez","1.06",11,1,4,1988,10,9,5,3,7,5,3,5,8,7,1,0,"r",12,"package_shot_generic","package_dunk_bigman","package_loco_bigman",-1,-1,-1,-1,-1,-1,0,0,0,0
170,0,"andray_blatche","andray_blatche_r",170,147,0,1,1,0,17,"Brooklyn",4,"Andray","Blatche","1.05",0,23,8,1978,1,8,3,1,7,2,3,4,6,8,7,0,"r",8,"package_shot_generic","package_dunk_bigman","package_loco_bigman",-1,-1,-1,-1,-1,-1,0,0,0,0
5,0,"kevin_garnett","kevin_garnett_r",5,5,0,1,1,0,17,"Brooklyn",5,"Kevin","Garnett","1.05",2,19,5,1976,8,8,7,7,8,8,6,7,7,8,4,0,"r",15,"package_shot_sigkg","package_dunk_basic","package_loco_swingman",-1,-1,-1,-1,-1,-1,0,0,0,0
77,0,"kenny_anderson","kenny_anderson_r",77,77,0,0,0,0,17,"Brooklyn",6,"Kenny","Anderson","0.93",7,1,1,1950,0,1,7,8,2,8,7,8,4,7,6,0,"l",15,"package_shot_generic","package_layup_generic","package_loco_smallman",-1,-1,-1,-1,-1,-1,0,0,0,0
78,0,"drazen_petrovic","drazen_petrovic_r",78,78,0,0,0,0,17,"Brooklyn",7,"Drazen","Petrovic",1,3,1,1,1950,0,1,10,5,6,6,6,4,4,9,8,0,"r",4,"package_shot_generic","package_dunk_highskill","package_loco_swingman",-1,-1,-1,-1,-1,-1,0,0,0,0
230,0,"anthony_davis","anthony_davis_r",230,230,0,1,1,0,18,"New Orleans",1,"Anthony","Davis","1.0594",23,3,11,1993,2,9,4,4,9,4,6,2,6,8,2,0,"r",12,"package_shot_generic","package_dunk_basic","package_loco_bigman",-1,-1,-1,-1,-1,-1,0,0,0,0
231,0,"austin_rivers","austin_rivers_r",231,231,0,1,1,0,18,"New Orleans",2,"Austin","Rivers","0.9892",25,8,1,1992,1,1,6,8,3,6,7,5,1,7,6,0,"r",15,"package_shot_generic","package_dunk_basic","package_loco_swingman",-1,-1,-1,-1,-1,-1,0,0,0,0
232,0,"ryan_anderson","ryan_anderson_r",232,232,0,1,1,0,18,"New Orleans",3,"Ryan","Anderson","1.0594",33,5,6,1988,1,2,7,3,2,2,5,1,4,6,9,0,"r",7,"package_shot_generic","package_dunk_basic","package_loco_bigman",-1,-1,-1,-1,-1,-1,0,0,0,0
246,0,"eric_gordon","eric_gordon_r",246,246,0,1,1,0,18,"New Orleans",4,"Eric","Gordon","0.9775",10,1,1,1950,2,3,6,3,5,8,7,5,4,7,7,0,"r",2,"package_shot_generic","package_dunk_bigman","package_loco_bigman",-1,-1,-1,-1,-1,-1,0,0,0,0
157,0,"tyreke_evans","tyreke_evans_r",157,134,0,1,1,0,18,"New Orleans",5,"Tyreke","Evans",1,1,23,8,1978,10,4,6,7,8,5,7,8,7,6,7,0,"r",15,"package_shot_generic","package_dunk_highskill","package_loco_swingman",-1,-1,-1,-1,-1,-1,0,0,0,0
26,0,"carmelo_anthony","carmelo_anthony_r",26,26,0,1,1,0,19,"New York",1,"Carmelo","Anthony","1.04",7,29,5,1984,9,4,9,8,9,8,7,6,8,7,7,0,"r",12,"package_shot_sigmelo","package_dunk_highskill","package_loco_swingman",-1,-1,-1,-1,-1,-1,0,0,0,0
235,0,"jr_smith","jr_smith_r",235,235,0,1,1,0,19,"New York",2,"JR","Smith","1.0243",8,29,6,1981,1,4,7,7,8,5,7,5,5,7,7,0,"r",6,"package_shot_generic","package_dunk_highskill","package_loco_swingman",-1,-1,-1,-1,-1,-1,0,0,0,0
102,0,"amare_stoudemire","amare_stoudemire_r",102,102,0,1,1,0,19,"New York",3,"Amare","Stoudemire","1.04",1,16,11,1982,10,8,7,6,9,5,4,5,9,9,4,0,"r",14,"package_shot_generic","package_dunk_bigman","package_loco_bigman",-1,-1,-1,-1,-1,-1,0,0,0,0
86,0,"patrick_ewing","patrick_ewing_r",86,86,0,0,0,0,19,"New York",4,"Patrick","Ewing","1.06",33,1,1,1950,0,9,8,5,8,7,3,4,9,8,1,0,"r",12,"package_shot_generic","package_dunk_bigman","package_loco_bigman",-1,-1,-1,-1,-1,-1,0,0,0,0
87,0,"john_starks","john_starks_r",87,87,0,0,0,0,19,"New York",5,"John","Starks",1,3,1,1,1950,0,1,8,6,7,6,7,4,4,7,7,0,"r",9,"package_shot_generic","package_dunk_basic","package_loco_swingman",-1,-1,-1,-1,-1,-1,0,0,0,0
167,0,"andrea_bargnani","andrea_bargnani_r",167,144,0,1,1,0,19,"New York",6,"Andrea","Bargnani","1.04",77,23,8,1978,10,7,7,4,7,6,4,4,6,7,8,0,"r",7,"package_shot_generic","package_dunk_bigman","package_loco_swingman",-1,-1,-1,-1,-1,-1,0,0,0,0
95,0,"scott_skiles","scott_skiles_r",95,95,0,0,0,0,20,"Orlando",3,"Scott","Skiles","0.94",4,1,1,1950,0,1,6,7,1,10,7,5,3,6,7,0,"r",7,"package_shot_generic","package_layup_generic","package_loco_smallman",-1,-1,-1,-1,-1,-1,0,0,0,0
94,0,"nick_anderson","nick_anderson_r",94,94,0,0,0,0,20,"Orlando",4,"Nick","Anderson",1,25,1,1,1950,0,2,4,5,6,6,6,5,5,6,8,0,"r",8,"package_shot_generic","package_dunk_basic","package_loco_swingman",-1,-1,-1,-1,-1,-1,0,0,0,0
252,0,"young_shaq","young_shaq_r",252,252,0,0,1,0,20,"Orlando",5,"Young","Shaq","1.0945",32,6,3,1972,1,10,4,2,10,6,6,4,10,8,1,0,"r",12,"package_shot_generic","package_dunk_bigman","package_loco_bigman",-1,-1,-1,-1,-1,-1,0,0,0,0
289,0,"victor_oladipo","victor_oladipo_r",289,289,0,1,1,0,20,"Orlando",1,"Victor","Oladipo","1.024",5,29,6,1981,8,6,7,8,8,8,9,9,7,7,7,0,"r",17,"package_shot_generic","package_dunk_basic","package_loco_swingman",-1,-1,-1,-1,-1,-1,0,0,0,0
30,0,"ben_gordon","ben_gordon_r",30,30,0,1,1,0,20,"Orlando",2,"Ben","Gordon","0.95",7,1,1,1950,9,1,8,8,4,3,8,5,3,8,8,0,"r",7,"package_shot_generic","package_dunk_basic","package_loco_smallman",-1,-1,-1,-1,-1,-1,0,0,0,0
253,0,"channing_frye","channing_frye_r",253,253,0,1,1,0,20,"Orlando",6,"Channing","Frye","1.0243",8,29,6,1981,1,6,4,7,4,4,6,4,3,6,8,0,"r",6,"package_shot_generic","package_dunk_basic","package_loco_swingman",-1,-1,-1,-1,-1,-1,0,0,0,0
276,0,"nerlens_noel","nerlens_noel_r",276,276,0,1,1,0,21,"Philadelphia",1,"Nerlens","Noel","1.06",4,10,4,1994,8,8,7,6,9,7,8,7,7,5,5,0,"r",8,"package_shot_generic","package_dunk_basic","package_loco_swingman",-1,-1,-1,-1,-1,-1,0,0,0,0
103,0,"jason_richardson","jason_richardson_r",103,103,0,1,1,0,21,"Philadelphia",2,"Jason","Richardson",1,23,1,1,1950,8,4,6,5,10,3,7,5,5,6,7,0,"r",8,"package_shot_generic","package_dunk_highskill","package_loco_swingman",-1,-1,-1,-1,-1,-1,0,0,0,0
99,0,"julius_erving","julius_erving_r",99,99,0,0,0,0,21,"Philadelphia",3,"Julius","Erving","1.03",6,1,1,1950,0,7,8,5,10,5,8,8,7,8,2,0,"r",15,"package_shot_generic","package_dunk_basic","package_loco_swingman",-1,-1,-1,-1,-1,-1,0,0,0,0
290,0,"michael_carter_williams","michael_carter_williams_r",290,290,0,1,1,0,21,"Philadelphia",4,"Michael","Carter Williams","1.024",1,29,6,1981,8,6,8,8,7,8,9,9,6,8,6,0,"r",17,"package_shot_generic","package_dunk_basic","package_loco_swingman",-1,-1,-1,-1,-1,-1,0,0,0,0
291,0,"joel_embiid","joel_embiid_r",291,291,0,1,1,0,21,"Philadelphia",5,"Joel","Embiid","1.024",21,29,6,1981,8,8,7,6,8,6,7,5,8,7,4,0,"r",17,"package_shot_generic","package_dunk_basic","package_loco_swingman",-1,-1,-1,-1,-1,-1,0,0,0,0
260,0,"eric_bledsoe","eric_bledsoe_r",260,260,0,1,1,0,22,"Phoenix",1,"Eric","Bledsoe","0.9775",2,9,12,1989,9,7,6,8,9,8,9,8,8,8,8,0,"r",6,"package_shot_generic","package_dunk_basic","package_loco_swingman",-1,-1,-1,-1,-1,-1,0,0,0,0
277,0,"goran_dragic","goran_dragic_r",277,277,0,1,1,0,22,"Phoenix",2,"Goran","Dragic","1.0243",1,29,6,1981,8,6,7,8,7,8,8,7,6,8,8,0,"r",6,"package_shot_generic","package_dunk_basic","package_loco_swingman",-1,-1,-1,-1,-1,-1,0,0,0,0
104,0,"dan_majerle","dan_majerle_r",104,104,0,0,0,0,22,"Phoenix",3,"Dan","Majerle","0.98",9,1,1,1950,0,4,9,5,5,6,5,7,7,8,10,0,"r",3,"package_shot_generic","package_dunk_basic","package_loco_swingman",-1,-1,-1,-1,-1,-1,0,0,0,0
105,0,"kevin_johnson","kevin_johnson_r",105,105,0,0,0,0,22,"Phoenix",4,"Kevin","Johnson","0.95",7,1,1,1950,0,1,7,8,6,9,9,7,3,8,6,0,"r",15,"package_shot_generic","package_dunk_basic","package_loco_smallman",-1,-1,-1,-1,-1,-1,0,0,0,0
292,0,"miles_plumlee","miles_plumlee_r",292,292,0,1,1,0,22,"Phoenix",5,"Miles","Plumlee","1.024",22,29,6,1981,8,8,9,5,9,7,7,5,9,4,4,0,"r",17,"package_shot_generic","package_dunk_basic","package_loco_swingman",-1,-1,-1,-1,-1,-1,0,0,0,0
107,0,"lamarcus_aldridge","lamarcus_aldridge_r",107,107,0,1,1,0,23,"Portland",1,"LaMarcus","Aldridge","1.05",12,19,7,1985,9,7,6,5,7,5,6,6,7,8,2,0,"r",16,"package_shot_generic","package_dunk_bigman","package_loco_bigman",-1,-1,-1,-1,-1,-1,0,0,0,0
237,0,"damian_lillard","damian_lillard_r",237,237,0,1,1,0,23,"Portland",2,"Damian","Lillard","0.9775",0,7,5,1990,2,1,8,9,1,8,9,6,2,7,8,0,"r",7,"package_shot_generic","package_dunk_basic","package_loco_smallman",-1,-1,-1,-1,-1,-1,0,0,0,0
278,0,"nicolas_batum","nicolas_batum_r",278,278,0,1,1,0,23,"Portland",3,"Nicolas","Batum","0.978",88,14,12,1988,8,7,7,8,8,7,8,7,7,7,8,0,"r",16,"package_shot_generic","package_dunk_basic","package_loco_swingman",-1,-1,-1,-1,-1,-1,0,0,0,0
109,0,"clyde_drexler","clyde_drexler_r",109,109,0,0,0,0,23,"Portland",4,"Clyde","Drexler","1.01",22,1,1,1950,0,5,8,7,7,6,8,10,5,7,7,0,"r",6,"package_shot_generic","package_dunk_highskill","package_loco_swingman",-1,-1,-1,-1,-1,-1,0,0,0,0
279,0,"wesley_matthews","wesley_matthews_r",279,279,0,1,1,0,23,"Portland",5,"Wesley","Matthews","1.0126",2,14,10,1986,8,6,8,8,7,7,8,8,8,8,8,0,"r",16,"package_shot_generic","package_dunk_basic","package_loco_swingman",-1,-1,-1,-1,-1,-1,0,0,0,0
153,0,"carl_landry","carl_landry_r",153,130,0,1,1,0,24,"Sacramento",1,"Carl","Landry","1.0126",24,23,8,1978,3,6,5,2,7,4,5,3,7,6,4,0,"r",12,"package_shot_generic","package_dunk_basic","package_loco_swingman",-1,-1,-1,-1,-1,-1,0,0,0,0
166,0,"jason_thompson","jason_thompson_r",166,143,0,1,1,0,24,"Sacramento",2,"Jason","Thompson","1.03",34,23,8,1978,1,7,4,3,7,4,4,2,7,6,1,0,"r",14,"package_shot_generic","package_dunk_bigman","package_loco_bigman",-1,-1,-1,-1,-1,-1,0,0,0,0
256,0,"demarcus_cousins","demarcus_cousins_r",256,256,0,1,1,0,24,"Sacramento",3,"Demarcus","Cousins","1.0243",15,29,6,1981,3,7,5,5,8,6,6,3,7,7,3,0,"r",14,"package_shot_generic","package_dunk_highskill","package_loco_swingman",-1,-1,-1,-1,-1,-1,0,0,0,0
113,0,"mitch_richmond","mitch_richmond_r",113,113,0,0,0,0,24,"Sacramento",4,"Mitch","Richmond",1,2,1,1,1950,0,2,7,7,6,6,7,7,5,8,8,0,"r",3,"package_shot_generic","package_dunk_basic","package_loco_swingman",-1,-1,-1,-1,-1,-1,0,0,0,0
293,0,"darren_collison","darren_collison_r",293,293,0,1,1,0,24,"Sacramento",5,"Darren","Collison","1.024",2,29,6,1981,8,4,6,9,4,8,9,8,5,7,8,0,"r",17,"package_shot_generic","package_dunk_basic","package_loco_swingman",-1,-1,-1,-1,-1,-1,0,0,0,0
58,0,"rudy_gay","rudy_gay_r",58,58,0,1,1,0,24,"Sacramento",6,"Rudy","Gay","1.01",8,17,8,1986,9,6,7,7,8,7,8,7,5,8,6,0,"r",8,"package_shot_generic","package_dunk_highskill","package_loco_swingman",-1,-1,-1,-1,-1,-1,0,0,0,0
115,0,"tony_parker","tony_parker_r",115,115,0,1,1,0,25,"San Antonio",1,"Tony","Parker","0.96",9,17,5,1982,10,4,8,9,3,8,8,7,4,8,7,0,"r",13,"package_shot_generic","package_dunk_basic","package_loco_smallman",-1,-1,-1,-1,-1,-1,0,0,0,0
114,0,"tim_duncan","tim_duncan_r",114,114,0,1,1,0,25,"San Antonio",2,"Tim","Duncan","1.05",21,25,4,1976,9,9,9,4,7,8,7,5,8,8,2,0,"r",17,"package_shot_sigduncan","package_dunk_bigman","package_loco_bigman",-1,-1,-1,-1,-1,-1,0,0,0,0
116,0,"manu_ginobili","manu_ginobili_r",116,116,0,1,1,0,25,"San Antonio",3,"Manu","Ginobili",1,20,1,1,1950,8,2,7,7,6,7,7,8,4,7,7,0,"l",7,"package_shot_sigginobli","package_dunk_basic","package_loco_swingman",-1,-1,-1,-1,-1,-1,0,0,0,0
117,0,"david_robinson","david_robinson_r",117,117,0,0,0,0,25,"San Antonio",4,"David","Robinson","1.06",50,1,1,1950,0,10,5,3,8,6,5,7,9,8,3,0,"l",17,"package_shot_generic","package_dunk_bigman","package_loco_bigman",-1,-1,-1,-1,-1,-1,0,0,0,0
118,0,"george_gervin","george_gervin_r",118,118,0,0,0,0,25,"San Antonio",5,"George","Gervin","1.01",44,1,1,1950,0,5,7,5,6,6,7,6,6,8,5,0,"r",14,"package_shot_generic","package_dunk_basic","package_loco_swingman",-1,-1,-1,-1,-1,-1,0,0,0,0
294,0,"kawhi_leonard","kawhi_leonard_r",294,294,0,1,1,0,25,"San Antonio",6,"Kawhi","Leonard","1.024",2,29,6,1981,9,9,9,7,9,7,9,9,8,8,9,0,"r",17,"package_shot_generic","package_dunk_basic","package_loco_swingman",-1,-1,-1,-1,-1,-1,0,0,0,0
90,0,"russell_westbrook","russell_westbrook_r",90,90,0,1,1,0,26,"Oklahoma",1,"Russell","Westbrook","0.93",0,12,11,1988,9,4,4,8,7,8,9,9,4,5,5,0,"r",13,"package_shot_generic","package_dunk_highskill","package_loco_swingman",-1,-1,-1,-1,-1,-1,0,0,0,0
247,0,"kendrick_perkins","kendrick_perkins_r",247,247,0,1,1,0,26,"Oklahoma",2,"Kendrick","Perkins","1.0243",5,29,6,1981,1,8,3,2,6,4,4,3,9,5,1,0,"r",17,"package_shot_generic","package_dunk_basic","package_loco_swingman",-1,-1,-1,-1,-1,-1,0,0,0,0
248,0,"serge_ibaka","serge_ibaka_r",248,248,0,1,1,0,26,"Oklahoma",3,"Serge","Ibaka","1.0243",9,29,6,1981,1,9,4,4,8,3,5,3,8,5,2,0,"r",16,"package_shot_generic","package_dunk_highskill","package_loco_swingman",-1,-1,-1,-1,-1,-1,0,0,0,0
88,0,"kevin_durant","kevin_durant_r",88,88,0,1,1,0,26,"Oklahoma",4,"Kevin","Durant","1.03",35,29,9,1988,10,6,8,8,8,7,8,7,7,7,8,0,"r",3,"package_shot_sigdurant","package_dunk_highskill","package_loco_swingman",-1,-1,-1,-1,-1,-1,0,0,0,0
178,0,"demar_derozan","demar_derozan_r",178,199,0,1,1,0,27,"Toronto",1,"DeMar","DeRozan",1,10,23,8,1978,10,3,7,7,7,4,8,6,5,8,6,0,"r",11,"package_shot_generic","package_dunk_highskill","package_loco_swingman",-1,-1,-1,-1,-1,-1,0,0,0,0
280,0,"kyle_lowry","kyle_lowry_r",280,280,0,1,1,0,27,"Toronto",2,"Kyle","Lowry","0.942",7,25,3,1986,2,3,7,8,3,9,9,9,5,8,6,0,"r",5,"package_shot_generic","package_dunk_basic","package_loco_smallman",-1,-1,-1,-1,-1,-1,0,0,0,0
281,0,"amir_johnson","amir_johnson_r",281,281,0,1,1,0,27,"Toronto",3,"Amir","Johnson","1.0477",15,1,5,1987,8,7,5,6,8,6,8,7,8,7,5,0,"r",8,"package_shot_generic","package_dunk_basic","package_loco_swingman",-1,-1,-1,-1,-1,-1,0,0,0,0
234,0,"patrick_patterson","patrick_patterson_r",234,234,0,1,1,0,27,"Toronto",4,"Patrick","Patterson","1.0477",54,14,3,1989,1,6,2,2,7,3,3,2,8,8,2,0,"r",15,"package_shot_generic","package_dunk_bigman","package_loco_swingman",-1,-1,-1,-1,-1,-1,0,0,0,0
261,0,"derrick_favors","derrick_favors_r",261,261,0,1,1,0,28,"Utah",1,"Derrick","Favors","1.0477",15,15,7,1991,8,8,7,6,9,7,7,6,8,6,5,0,"l",13,"package_shot_generic","package_dunk_basic","package_loco_swingman",-1,-1,-1,-1,-1,-1,0,0,0,0
125,0,"karl_malone","karl_malone_r",125,125,0,0,0,0,28,"Utah",3,"Karl","Malone","1.03",32,1,1,1950,0,4,8,3,7,4,6,6,10,8,4,0,"r",14,"package_shot_sigmalone","package_dunk_bigman","package_loco_bigman",-1,-1,-1,-1,-1,-1,0,0,0,0
126,0,"john_stockton","john_stockton_r",126,126,0,0,0,0,28,"Utah",4,"John","Stockton","0.93",12,1,1,1950,0,1,7,8,1,10,7,9,5,8,7,0,"r",15,"package_shot_generic","package_layup_generic","package_loco_smallman",-1,-1,-1,-1,-1,-1,0,0,0,0
282,0,"gordon_hayward","gordon_hayward_r",282,282,0,1,1,0,28,"Utah",2,"Gordon","Hayward","0.978",20,23,3,1990,8,6,8,8,8,8,7,7,7,8,9,0,"l",13,"package_shot_generic","package_dunk_basic","package_loco_swingman",-1,-1,-1,-1,-1,-1,0,0,0,0
295,0,"trevor_booker","trevor_booker_r",295,295,0,1,1,0,28,"Utah",5,"Trevor","Booker","1.024",35,29,6,1981,7,7,5,6,6,7,7,6,8,7,4,0,"r",17,"package_shot_generic","package_dunk_basic","package_loco_swingman",-1,-1,-1,-1,-1,-1,0,0,0,0
176,0,"john_wall","john_wall_r",176,203,0,1,1,0,29,"Washington",1,"John","Wall","0.97",2,23,8,1978,5,3,6,9,5,10,8,7,4,6,6,0,"r",8,"package_shot_generic","package_dunk_basic","package_loco_smallman",-1,-1,-1,-1,-1,-1,0,0,0,0
236,0,"bradley_beal","bradley_beal_r",236,236,0,1,1,0,29,"Washington",2,"Bradley","Beal","0.9775",3,28,6,1983,1,1,7,6,4,5,7,7,3,7,7,0,"r",3,"package_shot_generic","package_dunk_basic","package_loco_swingman",-1,-1,-1,-1,-1,-1,0,0,0,0
196,0,"manute_bol","manute_bol_r",196,159,0,0,0,0,29,"Washington",3,"Manute","Bol","1.1",10,17,1,1982,1,10,5,1,6,3,3,4,5,6,6,0,"r",15,"package_shot_sigbol","package_dunk_bigman","package_loco_bigman",-1,-1,-1,-1,-1,-1,0,0,0,0
249,0,"al_harrington","al_harrington_r",249,249,0,1,1,0,29,"Washington",4,"Al","Harrington","1.0477",7,1,1,1950,1,5,5,5,7,4,5,4,6,7,6,0,"r",12,"package_shot_generic","package_dunk_bigman","package_loco_bigman",-1,-1,-1,-1,-1,-1,0,0,0,0
6,0,"paul_pierce","paul_pierce_r",6,6,0,1,1,0,29,"Washington",5,"Paul","Pierce",1,34,13,10,1977,9,4,8,9,7,7,8,8,6,8,7,0,"r",3,"package_shot_generic","package_dunk_highskill","package_loco_swingman",-1,-1,-1,-1,-1,-1,0,0,0,0
132,0,"john_starks","john_starks_r",87,87,0,1,1,0,30,"Division 0 Boss 칙官석?? NY",1,"John","Starks",1,99,1,1,1950,0,1,8,6,7,6,7,4,4,7,7,0,"r",9,"package_shot_generic","package_dunk_basic","package_loco_swingman",-1,-1,-1,-1,-1,-1,0,0,0,0
131,0,"patrick_ewing","patrick_ewing_r",86,86,0,1,1,0,30,"Division 0 Boss 칙官석?? NY",2,"Patrick","Ewing","1.05",99,1,1,1950,0,9,8,3,8,3,3,4,9,8,1,0,"r",12,"package_shot_generic","package_dunk_bigman","package_loco_bigman",-1,-1,-1,-1,-1,-1,0,0,0,0
135,0,"dominique_wilkins","dominique_wilkins_r",3,3,0,1,1,0,31,"Division 1 Boss 칙官석?? ATL",1,"Dominique","Wilkins","1.03",99,1,1,1950,0,6,7,6,10,4,6,6,8,7,6,0,"r",17,"package_shot_generic","package_dunk_highskill","package_loco_swingman",-1,-1,-1,-1,-1,-1,0,0,0,0
136,0,"spud_webb","spud_webb_r",4,4,0,1,1,0,31,"Division 1 Boss 칙官석?? ATL",2,"Spud","Webb","0.87",99,1,1,1950,0,2,6,7,8,8,9,7,3,7,7,0,"r",4,"package_shot_generic","package_dunk_highskill","package_loco_smallman",-1,-1,-1,-1,-1,-1,0,0,0,0
133,0,"isaiah_thomas","isaiah_thomas_r",32,32,0,1,1,0,32,"Division 2 Boss 칙官석?? DET",1,"Isaiah","Thomas","0.93",99,1,1,1950,0,1,9,9,2,10,9,9,6,8,8,0,"r",12,"package_shot_sigisiah","package_layup_generic","package_loco_swingman",-1,-1,-1,-1,-1,-1,0,0,0,0
134,0,"bill_laimbeer","bill_laimbeer_r",33,33,0,1,1,0,32,"Division 2 Boss 칙官석?? DET",2,"Bill","Laimbeer","1.03",99,1,1,1950,0,6,7,3,6,3,2,4,9,8,6,0,"r",15,"package_shot_generic","package_dunk_bigman","package_loco_swingman",-1,-1,-1,-1,-1,-1,0,0,0,0
137,0,"john_stockton","john_stockton_r",126,126,0,1,1,0,33,"Division 3 Boss 칙官석?? UTA",1,"John","Stockton","0.93",99,1,1,1950,0,1,7,8,1,10,7,9,3,8,4,0,"r",15,"package_shot_generic","package_layup_generic","package_loco_smallman",-1,-1,-1,-1,-1,-1,0,0,0,0
138,0,"karl_malone","karl_malone_r",125,125,0,1,1,0,33,"Division 3 Boss 칙官석?? UTA",2,"Karl","Malone","1.03",99,1,1,1950,0,4,8,3,7,4,4,6,10,8,1,0,"r",14,"package_shot_sigmalone","package_dunk_bigman","package_loco_bigman",-1,-1,-1,-1,-1,-1,0,0,0,0
141,0,"hakeem_olajuwon","hakeem_olajuwon_r",42,42,0,1,1,0,34,"Division 4 Boss 칙官석?? HOU",1,"Hakeem","Olajuwon","1.05",99,1,1,1950,0,10,8,3,8,3,4,7,8,8,2,0,"r",12,"package_shot_generic","package_dunk_bigman","package_loco_bigman",-1,-1,-1,-1,-1,-1,0,0,0,0
142,0,"kenny_smith","kenny_smith_r",43,43,0,1,1,0,34,"Division 4 Boss 칙官석?? HOU",2,"Kenny","Smith","0.95",99,1,1,1950,0,1,8,6,6,6,7,5,3,9,9,0,"r",5,"package_shot_sigsmith","package_dunk_basic","package_loco_smallman",-1,-1,-1,-1,-1,-1,0,0,0,0
139,0,"tim_hardaway","tim_hardaway_r",37,37,0,1,1,0,35,"Division 5 Boss 칙官석?? GS",1,"Tim","Hardaway","0.93",99,1,1,1950,0,1,8,10,1,9,8,8,3,8,8,0,"r",7,"package_shot_sighardaway","package_layup_generic","package_loco_smallman",-1,-1,-1,-1,-1,-1,0,0,0,0
140,0,"chris_mullin","chris_mullin_r",38,38,0,1,1,0,35,"Division 5 Boss 칙官석?? GS",2,"Chris","Mullin","1.01",99,1,1,1950,0,4,8,5,4,4,5,8,4,9,9,0,"l",3,"package_shot_sigmullin","package_dunk_basic","package_loco_swingman",-1,-1,-1,-1,-1,-1,0,0,0,0
208,0,"larry_bird","larry_bird_r",8,149,0,1,1,0,36,"Magic & Bird",1,"Larry","Bird","1.03",99,1,1,1950,0,6,10,5,6,8,6,8,7,9,10,0,"r",7,"package_shot_sigbird","package_dunk_basic","package_loco_swingman",-1,-1,-1,-1,-1,-1,0,0,0,0
209,0,"magic_johnson","magic_johnson_r",56,150,0,1,1,0,36,"Magic & Bird",2,"Magic","Johnson","1.03",99,1,1,1950,0,2,9,9,6,10,7,7,8,8,2,0,"r",13,"package_shot_generic","package_dunk_basic","package_loco_swingman",-1,-1,-1,-1,-1,-1,0,0,0,0
180,0,"barack_obama","barack_obama_r",180,167,0,1,0,0,37,"Democrats",1,"Barack","Obama","0.92",24,23,8,1978,10,6,7,6,8,7,6,7,6,8,7,0,"l",13,"package_shot_generic","package_dunk_obama","package_loco_swingman",-1,-1,-1,-1,-1,-1,0,0,0,0
186,0,"joe_biden","joe_biden_r",186,173,0,1,0,0,37,"Democrats",2,"Joe","Biden","0.9",24,23,8,1978,10,6,4,6,5,8,7,5,5,8,7,0,"r",3,"package_shot_generic","package_dunk_highskill","package_loco_swingman",-1,-1,-1,-1,-1,-1,0,0,0,0
182,0,"bill_clinton","bill_clinton_r",182,169,0,1,0,0,37,"Democrats",3,"Bill","Clinton","0.92",24,23,8,1978,7,4,8,7,9,7,6,5,6,8,8,0,"r",12,"package_shot_generic","package_dunk_highskill","package_loco_swingman",-1,-1,-1,-1,-1,-1,0,0,0,0
183,0,"hillary_clinton","hillary_clinton_r",183,170,0,1,0,0,37,"Democrats",4,"Hillary","Clinton","0.87",24,23,8,1978,7,8,5,5,6,9,7,4,4,8,7,0,"r",3,"package_shot_generic","package_dunk_highskill","package_loco_swingman",-1,-1,-1,-1,-1,-1,0,0,0,0
181,0,"al_gore","al_gore_r",181,168,0,1,0,0,37,"Democrats",5,"Al","Gore","0.92",24,23,8,1978,7,5,5,4,4,5,4,6,5,6,7,0,"r",14,"package_shot_generic","package_dunk_highskill","package_loco_swingman",-1,-1,-1,-1,-1,-1,0,0,0,0
184,0,"george_bush_jr","george_bush_jr_r",184,171,0,1,0,0,38,"Republicans",1,"George","Bush","0.92",24,23,8,1978,10,5,3,8,7,7,5,8,6,7,6,0,"r",15,"package_shot_generic","package_dunk_highskill","package_loco_swingman",-1,-1,-1,-1,-1,-1,0,0,0,0
185,0,"dick_cheney","dick_cheney_r",185,172,0,1,0,0,38,"Republicans",2,"Dick","Cheney","0.88",24,23,8,1978,10,6,4,6,8,4,5,8,6,9,7,0,"r",17,"package_shot_generic","package_dunk_highskill","package_loco_swingman",-1,-1,-1,-1,-1,-1,0,0,0,0
187,0,"john_mccain","john_mccain_r",187,174,0,1,0,0,38,"Republicans",3,"John","McCain","0.88",24,23,8,1978,4,6,3,6,5,6,4,8,6,8,5,0,"r",4,"package_shot_generic","package_dunk_highskill","package_loco_swingman",-1,-1,-1,-1,-1,-1,0,0,0,0
188,0,"sarah_palin","sarah_palin_r",188,175,0,1,0,0,38,"Republicans",4,"Sarah","Palin","0.88",24,23,8,1978,4,6,6,7,6,4,7,8,3,6,8,0,"r",2,"package_shot_generic","package_dunk_highskill","package_loco_swingman",-1,-1,-1,-1,-1,-1,0,0,0,0
199,0,"stickman_red","stickman_red",199,178,0,1,0,0,41,"Stickmen",1,"Stickman","Red","1.1",99,13,3,1980,9,10,7,5,8,5,3,7,9,7,1,0,"r",4,"package_shot_generic","package_dunk_basic","package_loco_swingman",-1,-1,-1,-1,-1,-1,0,0,0,0
198,0,"stickman_blue","stickman_blue",198,177,0,1,0,0,41,"Stickmen",2,"Stickman","Blue","1.04",99,13,3,1980,7,4,8,7,6,8,8,7,6,10,8,0,"r",4,"package_shot_generic","package_dunk_basic","package_loco_swingman",-1,-1,-1,-1,-1,-1,0,0,0,0
200,0,"stickman_green","stickman_green",200,179,0,1,0,0,41,"Stickmen",3,"Stickman","Green","1.04",99,13,3,1980,9,6,7,7,10,7,7,7,6,7,6,0,"r",4,"package_shot_generic","package_dunk_basic","package_loco_swingman",-1,-1,-1,-1,-1,-1,0,0,0,0
197,0,"stickman_yellow","stickman_yellow",197,176,0,1,0,0,41,"Stickmen",4,"Stickman","Yellow","0.98",99,13,3,1980,9,4,8,8,4,10,7,10,5,8,7,0,"r",4,"package_shot_generic","package_dunk_basic","package_loco_swingman",-1,-1,-1,-1,-1,-1,0,0,0,0
204,0,"mascot_mil","mascot_mil_r",192,163,0,1,0,0,42,"Mascots",1,"mascot","Bango",1,24,23,8,1978,1,6,4,7,9,6,7,7,6,8,6,0,"r",15,"package_shot_generic","package_dunk_highskill","package_loco_swingman",-1,-1,-1,-1,-1,-1,0,0,0,0
207,0,"mascot_okc","mascot_okc_r",195,166,0,1,0,0,42,"Mascots",2,"mascot","Rumble","0.98",3,17,1,1982,1,8,4,3,9,4,5,5,8,7,3,0,"r",8,"package_shot_generic","package_dunk_highskill","package_loco_swingman",-1,-1,-1,-1,-1,-1,0,0,0,0
203,0,"mascot_den","mascot_den_r",191,162,0,1,0,0,42,"Mascots",3,"mascot","Rocky",1,24,23,8,1978,1,6,6,7,8,6,8,7,5,8,6,0,"r",3,"package_shot_generic","package_dunk_highskill","package_loco_swingman",-1,-1,-1,-1,-1,-1,0,0,0,0
202,0,"mascot_dal","mascot_dal_r",190,161,0,1,0,0,42,"Mascots",4,"mascot","Mavs Man",1,24,23,8,1978,1,8,5,4,8,5,4,4,6,8,3,0,"r",12,"package_shot_generic","package_dunk_highskill","package_loco_swingman",-1,-1,-1,-1,-1,-1,0,0,0,0
206,0,"mascot_was","mascot_was_r",194,165,0,1,0,0,42,"Mascots",5,"mascot","G-Wiz",1,24,23,8,1978,1,8,5,3,8,5,6,5,7,8,4,0,"r",3,"package_shot_generic","package_dunk_highskill","package_loco_swingman",-1,-1,-1,-1,-1,-1,0,0,0,0
201,0,"mascot_cha","mascot_cha_r",189,160,0,1,0,0,42,"Mascots",6,"mascot","Rufus",1,24,23,8,1978,1,4,4,9,6,9,8,7,5,8,7,0,"r",12,"package_shot_generic","package_dunk_highskill","package_loco_swingman",-1,-1,-1,-1,-1,-1,0,0,0,0
205,0,"mascot_tor","mascot_tor_r",193,164,0,1,0,0,42,"Mascots",7,"mascot","Raptor",1,24,23,8,1978,1,8,3,4,8,6,6,8,8,7,6,0,"r",17,"package_shot_generic","package_dunk_highskill","package_loco_swingman",-1,-1,-1,-1,-1,-1,0,0,0,0
210,0,"ad_rock","ad_rock_r",210,180,0,1,1,0,55,"Beastie Boys",1,"Ad-Rock","Ad-Rock","0.93",3,17,1,1982,10,8,9,7,9,8,7,6,8,7,7,0,"r",8,"package_shot_generic","package_dunk_highskill","package_loco_swingman",-1,-1,-1,-1,-1,-1,0,0,0,0
211,0,"mca","mca_r",211,181,0,1,1,0,55,"Beastie Boys",2,"MCA","MCA","0.93",3,17,1,1982,10,3,8,9,4,10,9,10,7,8,8,0,"r",8,"package_shot_generic","package_dunk_highskill","package_loco_swingman",-1,-1,-1,-1,-1,-1,0,0,0,0
212,0,"mike_d","mike_d_r",212,182,0,1,1,0,55,"Beastie Boys",3,"Mike D","Mike D","0.93",3,17,1,1982,10,6,9,7,9,6,7,9,7,6,7,0,"r",8,"package_shot_generic","package_dunk_highskill","package_loco_swingman",-1,-1,-1,-1,-1,-1,0,0,0,0
223,0,"mark_turmell","mark_turmell_r",223,188,0,1,0,0,58,"OG Jam",1,"Mark","Turmell","0.94",3,6,5,1985,9,8,9,9,10,8,7,9,8,8,7,0,"r",17,"package_shot_generic","package_dunk_basic","package_loco_smallman",-1,-1,-1,-1,-1,-1,0,0,0,0
224,0,"tim_kitzrow","tim_kitzrow_r",224,189,0,1,0,0,58,"OG Jam",2,"Tim","Kitzrow","0.94",3,6,5,1985,9,6,8,9,7,5,7,6,5,8,7,0,"r",3,"package_shot_generic","package_dunk_basic","package_loco_smallman",-1,-1,-1,-1,-1,-1,0,0,0,0
214,0,"ryan_winterholler","ryan_winterholler_r",214,0,0,1,0,0,60,"EA Mobile",1,"Ryan","Winterholler","0.94",22,0,0,0,0,8,8,8,8,8,7,7,8,8,8,0,"r",0,"package_shot_generic","package_dunk_highskill","package_loco_swingman",-1,-1,-1,-1,-1,-1,0,0,0,0
213,0,"joshua_valensi","joshua_valensi_r",213,0,0,1,0,0,60,"EA Mobile",2,"Joshua","Valensi","0.82",11,0,0,0,0,10,5,6,10,5,10,10,5,7,10,0,"r",0,"package_shot_generic","package_dunk_highskill","package_loco_smallman",-1,-1,-1,-1,-1,-1,0,0,0,0
217,0,"chris_dreyer","chris_dreyer_r",217,0,0,1,0,0,60,"EA Mobile",3,"Chris","Dreyer","0.9",7,0,0,0,0,9,5,6,9,5,10,8,7,5,9,0,"r",0,"package_shot_generic","package_dunk_highskill","package_loco_swingman",-1,-1,-1,-1,-1,-1,0,0,0,0
215,0,"darion_lowenstein","darion_lowenstein_r",215,0,0,1,0,0,60,"EA Mobile",4,"Darion","Lowenstein","0.96",28,0,0,0,0,10,8,5,10,6,7,7,7,8,5,0,"r",0,"package_shot_generic_bigman","package_dunk_bigman","package_loco_bigman",-1,-1,-1,-1,-1,-1,0,0,0,0
216,0,"sean_chapel","sean_chapel_r",216,0,0,1,0,0,60,"EA Mobile",5,"Sean","Chapel","0.9",13,0,0,0,0,6,9,9,4,7,7,9,7,5,10,0,"r",0,"package_shot_generic","package_dunk_basic","package_loco_swingman",-1,-1,-1,-1,-1,-1,0,0,0,0
218,0,"binh_nguyen","binh_nguyen_r",218,0,0,1,0,0,60,"EA Mobile",6,"Binh","Nguyen","0.86",0,0,0,0,0,6,9,7,7,8,8,7,6,7,8,0,"r",0,"package_shot_generic","package_dunk_basic","package_loco_smallman",-1,-1,-1,-1,-1,-1,0,0,0,0
124,0,"mehmet_okur","mehmet_okur_r",124,124,0,0,1,0,99,"Free Agent",1,"Mehmet","Okur","1.05",13,26,5,1979,8,5,6,6,5,6,6,5,7,8,8,0,"r",3,"package_shot_generic","package_dunk_bigman","package_loco_swingman",-1,-1,-1,-1,-1,-1,0,0,0,0
2,0,"mike_bibby","mike_bibby_r",2,2,0,0,1,0,99,"Free Agent",2,"Mike","Bibby","0.94",20,13,5,1978,7,4,7,8,1,9,7,7,4,5,8,0,"r",7,"package_shot_generic","package_layup_generic","package_loco_smallman",-1,-1,-1,-1,-1,-1,0,0,0,0
46,0,"tj_ford","tj_ford_r",46,46,0,0,1,0,99,"Free Agent",3,"TJ","Ford","0.93",11,24,3,1983,7,3,5,8,4,8,8,7,4,6,6,0,"r",14,"package_shot_generic","package_dunk_basic","package_loco_smallman",-1,-1,-1,-1,-1,-1,0,0,0,0
49,0,"baron_davis","baron_davis_r",49,49,0,0,1,0,99,"Free Agent",4,"Baron","Davis","0.95",85,13,4,1979,9,3,7,9,6,9,7,7,6,7,7,0,"r",4,"package_shot_sigdavis","package_dunk_highskill","package_loco_smallman",-1,-1,-1,-1,-1,-1,0,0,0,0
72,0,"jonny_flynn","jonny_flynn_r",72,72,0,1,1,0,99,"Free Agent",5,"Jonny","Flynn","0.92",9,1,1,1950,0,3,6,6,1,7,8,5,2,6,6,0,"r",5,"package_shot_generic","package_layup_generic","package_loco_smallman",-1,-1,-1,-1,-1,-1,0,0,0,0
35,0,"stephen_jackson","stephen_jackson_r",35,35,0,1,1,0,99,"Free Agent",6,"Stephen","Jackson","1.02",5,5,4,1978,8,3,6,7,7,8,8,7,6,5,7,0,"r",8,"package_shot_generic","package_dunk_basic","package_loco_swingman",-1,-1,-1,-1,-1,-1,0,0,0,0
225,0,"alonzo_mourning","alonzo_mourning_r",225,300,0,0,1,0,99,"Free Agent",6,"Alonzo","Mourning","1.0594",33,6,5,1985,1,10,6,4,9,4,4,2,10,7,3,0,"r",13,"package_shot_generic","package_dunk_highskill","package_loco_swingman",-1,-1,-1,-1,-1,-1,0,0,0,0
24,0,"jason_kidd","jason_kidd_r",24,24,0,1,1,0,99,"Free Agent",3,"Jason","Kidd","0.98",2,23,3,1973,10,3,7,9,1,10,8,9,5,6,7,0,"r",7,"package_shot_generic","package_layup_generic","package_loco_smallman",-1,-1,-1,-1,-1,-1,0,0,0,0
172,0,"grant_hill","grant_hill_r",172,192,0,1,1,0,99,"Free Agent",3,"Grant","Hill","1.01",24,23,8,1978,1,6,7,7,5,6,6,7,6,8,7,0,"r",12,"package_shot_generic","package_dunk_basic","package_loco_swingman",-1,-1,-1,-1,-1,-1,0,0,0,0
175,0,"tyrus_thomas","tyrus_thomas_r",175,197,0,1,1,0,99,"Free Agent",4,"Tyrus","Thomas","1.03",24,23,8,1978,5,7,5,3,7,3,6,6,7,6,1,0,"r",8,"package_shot_generic","package_dunk_bigman","package_loco_bigman",-1,-1,-1,-1,-1,-1,0,0,0,0
29,0,"richard_hamilton","richard_hamilton_r",29,29,0,1,1,0,99,"Free Agent",5,"Richard","Hamilton","1.01",32,14,2,1978,10,3,8,7,7,7,8,5,3,7,6,0,"r",11,"package_shot_generic","package_dunk_basic","package_loco_swingman",-1,-1,-1,-1,-1,-1,0,0,0,0
162,0,"chris_kaman","chris_kaman_r",162,139,0,1,1,0,99,"Free Agent",2,"Chris","Kaman","1.06",35,23,8,1978,10,7,5,3,6,3,3,4,8,8,1,0,"r",12,"package_shot_generic","package_dunk_bigman","package_loco_bigman",-1,-1,-1,-1,-1,-1,0,0,0,0
55,0,"lamar_odom","lamar_odom_r",55,55,0,1,1,0,99,"Free Agent",3,"Lamar","Odom","1.03",7,1,1,1950,8,6,6,7,7,7,6,6,7,7,7,0,"l",2,"package_shot_generic","package_dunk_bigman","package_loco_swingman",-1,-1,-1,-1,-1,-1,0,0,0,0
45,0,"mike_dunleavy","mike_dunleavy_r",45,45,0,1,1,0,99,"Free Agent",3,"Mike","Dunleavy","1.01",17,1,1,1950,8,3,5,5,6,4,6,5,4,8,8,0,"r",4,"package_shot_generic","package_dunk_basic","package_loco_swingman",-1,-1,-1,-1,-1,-1,0,0,0,0
173,0,"andrei_kirilenko","andrei_kirilenko_r",173,195,0,1,1,0,99,"Free Agent",1,"Andrei","Kirilenko","1.02",24,23,8,1978,1,7,5,5,5,7,6,7,6,8,6,0,"r",3,"package_shot_generic","package_dunk_basic","package_loco_swingman",-1,-1,-1,-1,-1,-1,0,0,0,0
63,0,"michael_beasley","michael_beasley_r",63,63,0,1,1,0,99,"Free Agent",1,"Michael","Beasley","1.02",30,9,1,1989,1,3,5,7,8,5,8,5,6,8,6,0,"l",18,"package_shot_generic","package_dunk_highskill","package_loco_swingman",-1,-1,-1,-1,-1,-1,0,0,0,0
20,0,"mo_williams","mo_williams_r",20,20,0,1,1,0,99,"Free Agent",1,"Mo","Williams","0.9541",25,19,12,1982,1,2,7,8,1,8,8,7,3,7,7,0,"r",6,"package_shot_generic","package_layup_generic","package_loco_smallman",-1,-1,-1,-1,-1,-1,0,0,0,0
16,0,"scottie_pippen","scottie_pippen_r",16,16,0,0,0,0,99,"Free Agent",5,"Scottie","Pippen","1.03",33,1,1,1950,0,4,8,8,7,9,7,8,6,8,6,0,"r",7,"package_shot_generic","package_dunk_highskill","package_loco_swingman",-1,-1,-1,-1,-1,-1,0,0,0,0
97,0,"elton_brand","elton_brand_r",97,97,0,1,1,0,99,"Free Agent",2,"Elton","Brand","1.02",42,11,3,1979,9,8,8,6,7,7,3,5,8,9,1,0,"r",17,"package_shot_generic","package_dunk_bigman","package_loco_bigman",-1,-1,-1,-1,-1,-1,0,0,0,0
239,0,"jason_terry","jason_terry_r",239,239,0,1,1,0,99,"Free Agent",6,"Jason","Terry","0.98",31,1,1,1950,1,2,6,7,2,6,8,6,2,7,8,0,"r",8,"package_shot_generic","package_dunk_bigman","package_loco_bigman",-1,-1,-1,-1,-1,-1,0,0,0,0
179,0,"jarrett_jack","jarrett_jack_r",179,310,0,1,1,0,99,"Free Agent",2,"Jarrett","Jack","1.0126",1,23,8,1978,1,2,4,7,3,7,7,6,4,7,6,0,"r",12,"package_shot_generic","package_dunk_basic","package_loco_smallman",-1,-1,-1,-1,-1,-1,0,0,0,0
159,0,"charlie_villanueva","charlie_villanueva_r",159,136,0,1,1,0,99,"Free Agent",1,"Charlie","Villanueva","1.03",31,23,8,1978,10,5,4,4,5,4,4,3,6,5,7,0,"r",3,"package_shot_generic","package_dunk_bigman","package_loco_bigman",-1,-1,-1,-1,-1,-1,0,0,0,0
155,0,"corey_maggette","corey_maggette_r",155,132,0,1,1,0,99,"Free Agent",2,"Corey","Maggette","1.0126",50,23,8,1978,2,4,4,5,7,4,7,3,7,5,7,0,"r",17,"package_shot_generic","package_dunk_highskill","package_loco_swingman",-1,-1,-1,-1,-1,-1,0,0,0,0
27,0,"chauncey_billups","chauncey_billups_r",27,27,0,1,1,0,99,"Free Agent",6,"Chauncey","Billups","0.97",1,25,9,1976,10,3,7,9,4,8,8,8,5,6,8,0,"r",7,"package_shot_generic","package_dunk_basic","package_loco_smallman",-1,-1,-1,-1,-1,-1,0,0,0,0
154,0,"rodney_stuckey","rodney_stuckey_r",154,131,0,1,1,0,99,"Free Agent",3,"Rodney","Stuckey","0.95",3,23,8,1978,10,2,4,7,4,6,8,7,3,6,4,0,"r",14,"package_shot_generic","package_dunk_basic","package_loco_swingman",-1,-1,-1,-1,-1,-1,0,0,0,0
238,0,"andrew_bynum","andrew_bynum_r",238,238,0,1,1,0,99,"Free Agent",7,"Andrew","Bynum","1.0828",17,27,10,1987,2,9,6,2,9,3,3,1,9,9,1,0,"r",12,"package_shot_generic","package_dunk_bigman","package_loco_bigman",-1,-1,-1,-1,-1,-1,0,0,0,0
128,0,"antawn_jamison","antawn_jamison_r",128,128,0,1,1,0,99,"Free Agent",4,"Antawn","Jamison","1.03",33,12,6,1976,9,4,7,7,7,3,7,6,6,6,6,0,"r",7,"package_shot_generic","package_dunk_basic","package_loco_swingman",-1,-1,-1,-1,-1,-1,0,0,0,0
270,0,"mike_miller","mike_miller_r",270,270,0,1,1,0,99,"Free Agent",6,"Mike","Miller","1.02",13,19,2,1980,6,4,7,8,4,7,6,6,4,6,9,0,"l",12,"package_shot_generic","package_dunk_basic","package_loco_swingman",-1,-1,-1,-1,-1,-1,0,0,0,0
93,0,"rashard_lewis","rashard_lewis_r",93,93,0,1,1,0,99,"Free Agent",4,"Rashard","Lewis","1.03",9,8,8,1979,7,5,7,7,8,6,6,7,5,7,9,0,"r",2,"package_shot_generic","package_dunk_basic","package_loco_swingman",-1,-1,-1,-1,-1,-1,0,0,0,0
108,0,"greg_oden","greg_oden_r",108,108,0,1,1,0,99,"Free Agent",5,"Greg","Oden","1.06",20,22,1,1988,8,9,6,4,8,3,5,4,7,6,1,0,"r",12,"package_shot_generic","package_dunk_bigman","package_loco_bigman",-1,-1,-1,-1,-1,-1,0,0,0,0
7,0,"ray_allen","ray_allen_r",7,7,0,1,1,0,99,"Free Agent",6,"Ray","Allen","0.99",34,20,7,1975,7,4,8,8,6,6,7,7,6,7,9,0,"r",3,"package_shot_generic","package_dunk_highskill","package_loco_swingman",-1,-1,-1,-1,-1,-1,0,0,0,0
163,0,"ron_artest","ron_artest_r",163,140,0,1,1,0,99,"Free Agent",7,"Metta World","Peace","1.01",51,23,8,1978,1,3,8,5,7,6,6,8,7,7,6,0,"r",1,"package_shot_generic","package_dunk_highskill","package_loco_swingman",-1,-1,-1,-1,-1,-1,0,0,0,0
275,0,"hedo_turkoglu","hedo_turkoglu_r",275,275,0,1,1,0,99,"Free Agent",7,"Hedo","Turkoglu","1.048",15,19,3,1979,1,2,7,5,5,7,6,4,5,7,7,0,"r",3,"package_shot_generic","package_dunk_basic","package_loco_swingman",-1,-1,-1,-1,-1,-1,0,0,0,0
36,0,"andris_biedrins","andris_biedrins_r",36,36,0,1,1,0,99,"Free Agent",2,"Andris","Biedrins","1.05",11,2,4,1986,7,8,4,4,7,4,5,5,7,7,1,0,"l",13,"package_shot_generic","package_dunk_bigman","package_loco_swingman",-1,-1,-1,-1,-1,-1,0,0,0,0
174,0,"courtney_lee","courtney_lee_r",174,193,0,1,1,0,99,"Free Agent",1,"Courtney","Lee","1.0126",11,23,8,1978,1,3,5,6,4,5,7,6,4,6,7,0,"r",4,"package_shot_generic","package_dunk_basic","package_loco_smallman",-1,-1,-1,-1,-1,-1,0,0,0,0
274,0,"glen_davis","glen_davis_r",274,274,0,1,1,0,99,"Free Agent",6,"Glen","Davis","1.0477",11,1,1,1986,8,6,8,6,6,6,6,7,9,6,4,0,"l",10,"package_shot_generic","package_dunk_basic","package_loco_swingman",-1,-1,-1,-1,-1,-1,0,0,0,0
